{"proxies":{"com.tealium.titaniumandroid.TealiumTitaniumAndroidModule":{"superPackageName":"org.appcelerator.kroll","methods":{"init":{"runOnUiThread":false,"hasInvocation":false,"args":[{"converter":"org.appcelerator.kroll.KrollConverter","defaultValueProvider":"org.appcelerator.kroll.KrollConverter","name":"instanceName","sourceName":"instanceName","type":"java.lang.String"},{"converter":"org.appcelerator.kroll.KrollConverter","defaultValueProvider":"org.appcelerator.kroll.KrollConverter","name":"account","sourceName":"account","type":"java.lang.String"},{"converter":"org.appcelerator.kroll.KrollConverter","defaultValueProvider":"org.appcelerator.kroll.KrollConverter","name":"profile","sourceName":"profile","type":"java.lang.String"},{"converter":"org.appcelerator.kroll.KrollConverter","defaultValueProvider":"org.appcelerator.kroll.KrollConverter","name":"env","sourceName":"env","type":"java.lang.String"},{"converter":"org.appcelerator.kroll.KrollConverter","defaultValueProvider":"org.appcelerator.kroll.KrollConverter","name":"dataSourceId","sourceName":"dataSourceId","type":"java.lang.String"},{"converter":"org.appcelerator.kroll.KrollConverter","defaultValueProvider":"org.appcelerator.kroll.KrollConverter","name":"collectDispatchURL","sourceName":"collectDispatchURL","type":"java.lang.String"},{"converter":"org.appcelerator.kroll.KrollConverter","defaultValueProvider":"org.appcelerator.kroll.KrollConverter","name":"collectDispatchProfile","sourceName":"collectDispatchProfile","type":"java.lang.String"},{"converter":"org.appcelerator.kroll.KrollConverter","defaultValueProvider":"org.appcelerator.kroll.KrollConverter","name":"isLifecycleEnabled","sourceName":"isLifecycleEnabled","type":"boolean"},{"converter":"org.appcelerator.kroll.KrollConverter","defaultValueProvider":"org.appcelerator.kroll.KrollConverter","name":"isCrashReporterEnabled","sourceName":"isCrashReporterEnabled","type":"boolean"},{"converter":"org.appcelerator.kroll.KrollConverter","defaultValueProvider":"org.appcelerator.kroll.KrollConverter","name":"isConsentManagerEnabled","sourceName":"isConsentManagerEnabled","type":"boolean"}],"apiName":"init","converter":"org.appcelerator.kroll.KrollConverter","defaultValueProvider":"org.appcelerator.kroll.KrollConverter","name":"__default_name__","returnType":"void"},"getUserConsentCategories":{"runOnUiThread":false,"hasInvocation":false,"args":[{"converter":"org.appcelerator.kroll.KrollConverter","defaultValueProvider":"org.appcelerator.kroll.KrollConverter","name":"instanceName","sourceName":"instanceName","type":"java.lang.String"}],"apiName":"getUserConsentCategories","converter":"org.appcelerator.kroll.KrollConverter","defaultValueProvider":"org.appcelerator.kroll.KrollConverter","name":"__default_name__","returnType":"java.lang.String[]"},"setConsentLoggingEnabled":{"runOnUiThread":false,"hasInvocation":false,"args":[{"converter":"org.appcelerator.kroll.KrollConverter","defaultValueProvider":"org.appcelerator.kroll.KrollConverter","name":"instanceName","sourceName":"instanceName","type":"java.lang.String"},{"converter":"org.appcelerator.kroll.KrollConverter","defaultValueProvider":"org.appcelerator.kroll.KrollConverter","name":"enabled","sourceName":"enabled","type":"boolean"}],"apiName":"setConsentLoggingEnabled","converter":"org.appcelerator.kroll.KrollConverter","defaultValueProvider":"org.appcelerator.kroll.KrollConverter","name":"__default_name__","returnType":"void"},"getPersistent":{"runOnUiThread":false,"hasInvocation":false,"args":[{"converter":"org.appcelerator.kroll.KrollConverter","defaultValueProvider":"org.appcelerator.kroll.KrollConverter","name":"instanceName","sourceName":"instanceName","type":"java.lang.String"},{"converter":"org.appcelerator.kroll.KrollConverter","defaultValueProvider":"org.appcelerator.kroll.KrollConverter","name":"keyName","sourceName":"keyName","type":"java.lang.String"}],"apiName":"getPersistent","converter":"org.appcelerator.kroll.KrollConverter","defaultValueProvider":"org.appcelerator.kroll.KrollConverter","name":"__default_name__","returnType":"java.lang.Object"},"resetUserConsentPreferences":{"runOnUiThread":false,"hasInvocation":false,"args":[{"converter":"org.appcelerator.kroll.KrollConverter","defaultValueProvider":"org.appcelerator.kroll.KrollConverter","name":"instanceName","sourceName":"instanceName","type":"java.lang.String"}],"apiName":"resetUserConsentPreferences","converter":"org.appcelerator.kroll.KrollConverter","defaultValueProvider":"org.appcelerator.kroll.KrollConverter","name":"__default_name__","returnType":"void"},"getVolatile":{"runOnUiThread":false,"hasInvocation":false,"args":[{"converter":"org.appcelerator.kroll.KrollConverter","defaultValueProvider":"org.appcelerator.kroll.KrollConverter","name":"instanceName","sourceName":"instanceName","type":"java.lang.String"},{"converter":"org.appcelerator.kroll.KrollConverter","defaultValueProvider":"org.appcelerator.kroll.KrollConverter","name":"keyName","sourceName":"keyName","type":"java.lang.String"}],"apiName":"getVolatile","converter":"org.appcelerator.kroll.KrollConverter","defaultValueProvider":"org.appcelerator.kroll.KrollConverter","name":"__default_name__","returnType":"java.lang.Object"},"getUserConsentStatus":{"runOnUiThread":false,"hasInvocation":false,"args":[{"converter":"org.appcelerator.kroll.KrollConverter","defaultValueProvider":"org.appcelerator.kroll.KrollConverter","name":"instanceName","sourceName":"instanceName","type":"java.lang.String"}],"apiName":"getUserConsentStatus","converter":"org.appcelerator.kroll.KrollConverter","defaultValueProvider":"org.appcelerator.kroll.KrollConverter","name":"__default_name__","returnType":"java.lang.String"},"getUserConsentPolicy":{"runOnUiThread":false,"hasInvocation":false,"args":[{"converter":"org.appcelerator.kroll.KrollConverter","defaultValueProvider":"org.appcelerator.kroll.KrollConverter","name":"instanceName","sourceName":"instanceName","type":"java.lang.String"}],"apiName":"getUserConsentPolicy","converter":"org.appcelerator.kroll.KrollConverter","defaultValueProvider":"org.appcelerator.kroll.KrollConverter","name":"__default_name__","returnType":"java.lang.String"},"setPersistent":{"runOnUiThread":false,"hasInvocation":false,"args":[{"converter":"org.appcelerator.kroll.KrollConverter","defaultValueProvider":"org.appcelerator.kroll.KrollConverter","name":"instanceName","sourceName":"instanceName","type":"java.lang.String"},{"converter":"org.appcelerator.kroll.KrollConverter","defaultValueProvider":"org.appcelerator.kroll.KrollConverter","name":"data","sourceName":"data","type":"org.appcelerator.kroll.KrollDict"}],"apiName":"setPersistent","converter":"org.appcelerator.kroll.KrollConverter","defaultValueProvider":"org.appcelerator.kroll.KrollConverter","name":"__default_name__","returnType":"void"},"setUserConsentCategories":{"runOnUiThread":false,"hasInvocation":false,"args":[{"converter":"org.appcelerator.kroll.KrollConverter","defaultValueProvider":"org.appcelerator.kroll.KrollConverter","name":"instanceName","sourceName":"instanceName","type":"java.lang.String"},{"converter":"org.appcelerator.kroll.KrollConverter","defaultValueProvider":"org.appcelerator.kroll.KrollConverter","name":"consentCategories","sourceName":"consentCategories","type":"java.lang.String[]"}],"apiName":"setUserConsentCategories","converter":"org.appcelerator.kroll.KrollConverter","defaultValueProvider":"org.appcelerator.kroll.KrollConverter","name":"__default_name__","returnType":"void"},"trackView":{"runOnUiThread":false,"hasInvocation":false,"args":[{"converter":"org.appcelerator.kroll.KrollConverter","defaultValueProvider":"org.appcelerator.kroll.KrollConverter","name":"instanceName","sourceName":"instanceName","type":"java.lang.String"},{"converter":"org.appcelerator.kroll.KrollConverter","defaultValueProvider":"org.appcelerator.kroll.KrollConverter","name":"screenName","sourceName":"screenName","type":"java.lang.String"},{"converter":"org.appcelerator.kroll.KrollConverter","defaultValueProvider":"org.appcelerator.kroll.KrollConverter","name":"dataLayer","sourceName":"dataLayer","type":"org.appcelerator.kroll.KrollDict"}],"apiName":"trackView","converter":"org.appcelerator.kroll.KrollConverter","defaultValueProvider":"org.appcelerator.kroll.KrollConverter","name":"__default_name__","returnType":"void"},"enableAdIdentifier":{"runOnUiThread":false,"hasInvocation":false,"args":[{"converter":"org.appcelerator.kroll.KrollConverter","defaultValueProvider":"org.appcelerator.kroll.KrollConverter","name":"instanceName","sourceName":"instanceName","type":"java.lang.String"},{"converter":"org.appcelerator.kroll.KrollConverter","defaultValueProvider":"org.appcelerator.kroll.KrollConverter","name":"persistent","sourceName":"persistent","type":"boolean"}],"apiName":"enableAdIdentifier","converter":"org.appcelerator.kroll.KrollConverter","defaultValueProvider":"org.appcelerator.kroll.KrollConverter","name":"__default_name__","returnType":"void"},"enableInstallReferrer":{"runOnUiThread":false,"hasInvocation":false,"args":[{"converter":"org.appcelerator.kroll.KrollConverter","defaultValueProvider":"org.appcelerator.kroll.KrollConverter","name":"instanceName","sourceName":"instanceName","type":"java.lang.String"},{"converter":"org.appcelerator.kroll.KrollConverter","defaultValueProvider":"org.appcelerator.kroll.KrollConverter","name":"persistent","sourceName":"persistent","type":"boolean"}],"apiName":"enableInstallReferrer","converter":"org.appcelerator.kroll.KrollConverter","defaultValueProvider":"org.appcelerator.kroll.KrollConverter","name":"__default_name__","returnType":"void"},"triggerCrash":{"runOnUiThread":false,"hasInvocation":false,"args":[],"apiName":"triggerCrash","converter":"org.appcelerator.kroll.KrollConverter","defaultValueProvider":"org.appcelerator.kroll.KrollConverter","name":"__default_name__","returnType":"void"},"setVolatile":{"runOnUiThread":false,"hasInvocation":false,"args":[{"converter":"org.appcelerator.kroll.KrollConverter","defaultValueProvider":"org.appcelerator.kroll.KrollConverter","name":"instanceName","sourceName":"instanceName","type":"java.lang.String"},{"converter":"org.appcelerator.kroll.KrollConverter","defaultValueProvider":"org.appcelerator.kroll.KrollConverter","name":"data","sourceName":"data","type":"org.appcelerator.kroll.KrollDict"}],"apiName":"setVolatile","converter":"org.appcelerator.kroll.KrollConverter","defaultValueProvider":"org.appcelerator.kroll.KrollConverter","name":"__default_name__","returnType":"void"},"resetUserConsentPolicy":{"runOnUiThread":false,"hasInvocation":false,"args":[{"converter":"org.appcelerator.kroll.KrollConverter","defaultValueProvider":"org.appcelerator.kroll.KrollConverter","name":"instanceName","sourceName":"instanceName","type":"java.lang.String"}],"apiName":"resetUserConsentPolicy","converter":"org.appcelerator.kroll.KrollConverter","defaultValueProvider":"org.appcelerator.kroll.KrollConverter","name":"__default_name__","returnType":"void"},"trackEvent":{"runOnUiThread":false,"hasInvocation":false,"args":[{"converter":"org.appcelerator.kroll.KrollConverter","defaultValueProvider":"org.appcelerator.kroll.KrollConverter","name":"instanceName","sourceName":"instanceName","type":"java.lang.String"},{"converter":"org.appcelerator.kroll.KrollConverter","defaultValueProvider":"org.appcelerator.kroll.KrollConverter","name":"eventName","sourceName":"eventName","type":"java.lang.String"},{"converter":"org.appcelerator.kroll.KrollConverter","defaultValueProvider":"org.appcelerator.kroll.KrollConverter","name":"dataLayer","sourceName":"dataLayer","type":"org.appcelerator.kroll.KrollDict"}],"apiName":"trackEvent","converter":"org.appcelerator.kroll.KrollConverter","defaultValueProvider":"org.appcelerator.kroll.KrollConverter","name":"__default_name__","returnType":"void"},"setUserConsentStatus":{"runOnUiThread":false,"hasInvocation":false,"args":[{"converter":"org.appcelerator.kroll.KrollConverter","defaultValueProvider":"org.appcelerator.kroll.KrollConverter","name":"instanceName","sourceName":"instanceName","type":"java.lang.String"},{"converter":"org.appcelerator.kroll.KrollConverter","defaultValueProvider":"org.appcelerator.kroll.KrollConverter","name":"consentStatus","sourceName":"consentStatus","type":"java.lang.String"}],"apiName":"setUserConsentStatus","converter":"org.appcelerator.kroll.KrollConverter","defaultValueProvider":"org.appcelerator.kroll.KrollConverter","name":"__default_name__","returnType":"void"},"setUserConsentPolicy":{"runOnUiThread":false,"hasInvocation":false,"args":[{"converter":"org.appcelerator.kroll.KrollConverter","defaultValueProvider":"org.appcelerator.kroll.KrollConverter","name":"instanceName","sourceName":"instanceName","type":"java.lang.String"},{"converter":"org.appcelerator.kroll.KrollConverter","defaultValueProvider":"org.appcelerator.kroll.KrollConverter","name":"policy","sourceName":"policy","type":"java.lang.String"}],"apiName":"setUserConsentPolicy","converter":"org.appcelerator.kroll.KrollConverter","defaultValueProvider":"org.appcelerator.kroll.KrollConverter","name":"__default_name__","returnType":"void"},"addRemoteCommand":{"runOnUiThread":false,"hasInvocation":false,"args":[{"converter":"org.appcelerator.kroll.KrollConverter","defaultValueProvider":"org.appcelerator.kroll.KrollConverter","name":"instanceName","sourceName":"instanceName","type":"java.lang.String"},{"converter":"org.appcelerator.kroll.KrollConverter","defaultValueProvider":"org.appcelerator.kroll.KrollConverter","name":"commandId","sourceName":"commandId","type":"java.lang.String"},{"converter":"org.appcelerator.kroll.KrollConverter","defaultValueProvider":"org.appcelerator.kroll.KrollConverter","name":"callback","sourceName":"callback","type":"org.appcelerator.kroll.KrollFunction"}],"apiName":"addRemoteCommand","converter":"org.appcelerator.kroll.KrollConverter","defaultValueProvider":"org.appcelerator.kroll.KrollConverter","name":"__default_name__","returnType":"void"}},"superProxyBindingClassName":"org.appcelerator.kroll.KrollModuleBindingGen","proxyClassName":"TealiumTitaniumAndroidModule","proxyAttrs":{"propertyAccessors":[],"fullAPIName":"TealiumTitaniumAndroid","name":"TealiumTitaniumAndroid","proxyClassName":"com.tealium.titaniumandroid.TealiumTitaniumAndroidModule","isTopLevel":false,"id":"com.tealium.titaniumandroid"},"packageName":"com.tealium.titaniumandroid","sourceName":"com.tealium.titaniumandroid.TealiumTitaniumAndroidModuleBindingGen","superProxyClassName":"KrollModule","isModule":true,"genClassName":"TealiumTitaniumAndroidModuleBindingGen","onAppCreate":"onAppCreate"}},"modules":{"com.tealium.titaniumandroid.TealiumTitaniumAndroidModule":{"apiName":"TealiumTitaniumAndroid"}}}